IP Address,Login Source,Login Date & Time
100.36.161.82,Web,"Apr 21, 2020, 10:32:07 PM"
174.192.195.239,Mobile,"Oct 22, 2021, 12:10:26 AM"
2600:1003:b005:fb8e:102e:46ca:8bd9:7a0,Web,"Dec 14, 2021, 3:28:59 PM"
2600:1003:b005:fb8e:102e:46ca:8bd9:7a0,Web,"Dec 14, 2021, 3:30:55 PM"
128.220.159.212,Web,"Feb 17, 2022, 6:18:01 PM"
174.192.205.104,Web,"Feb 17, 2022, 10:52:06 PM"
2600:1003:b05d:b5da:75d8:31b2:821e:2eb5,Web,"Feb 5, 2023, 11:18:53 PM"
100.36.149.132,Web,"Mar 22, 2023, 1:58:25 AM"
192.12.14.3,Web,"Apr 12, 2023, 8:41:18 PM"
